Index;Start time in milliseconds;End time in milliseconds;"Script"
1;870;1750;"[음악]"
2;1760;4650;"으"
3;4670;7259;"5"
4;7279;9760;"그러니까 장이"
5;9770;16550;"오늘 장거리 사업계획서 문명이 납니다 으"
6;16570;20010;"t 3 뭐 봤어"
7;20020;23150;"예 차"
8;23170;27450;"으 걔네 때다 특가 뜻"
9;27460;29490;"점치기 예산 승인 떨어졌네요"
10;29500;31880;"으"
11;31900;35040;"아 그러면 왜 예산을 통과시켜 주 올해"
12;35050;38100;"장 글씨 축하해 r 감사합니다"
13;38110;44300;"아 서로 마 어쨌든 회사에서 너희가 잘 와 개"
14;44310;47029;"[음악]"
15;47039;49880;"잘 예 잘해"
16;49890;54619;"첫 번째 사업계획서 담당자는 기념으로다가 한편 장 소 지 는 나는 1"
17;54629;55729;"니카 너"
18;55739;59900;"초 첨가된 물로 시계 3 따뜻 나 때"
19;59910;69160;"품절입니다 아무나 와서 대해 않다"
20;69180;71290;"아"
21;71310;73380;"허리끈 하셨어요"
22;73390;76389;"퍼"
23;76409;81550;"무슨 일 있으셨어요 아"
24;81570;85580;"그러나 따 그룹 본사에서 d 아이템이 제일 좋단다"
25;85590;92190;"예 골치아프게 들렸어 아아 어떻게 어"
26;92210;96339;"[음악]"
27;96359;103160;"내부 장의"
28;103180;105600;"그룹 본사 애들이 뭐라"
29;105610;110249;"멋도 모르는 놈들 짬밥 무시하고 캠퍼 몇장으로 평가를"
30;110259;113609;"공경하게 해야지 아"
31;113619;118709;"이간 nido 말이지 그건 나도 다 생각했던 건데 아는 거라고"
32;118719;123359;"막 지르면 다 이디어 곳 아이템 거다 사업이 야"
33;123369;129650;"사업이나 해봤니 마지막 니가 안 한다고 해"
34;129660;133770;"안녕 씨가 한 달 동안 날밤 새면서 진행한"
35;133780;137130;"4 3팀 껄로 미러"
36;137140;140280;"그럼 본사에는 뭐라구 야"
37;140290;146890;"전문가는 우리아 3g 많이 훨씬 될 사업이라고 설득하라 고"
38;146910;147900;"아 날"
39;147910;149320;"[음악]"
40;149330;154620;"한상률 커피"
41;154640;157690;"야 내가 성질이 덕분에 기가 4"
42;157700;165720;"어 굉장 잘 들어 움직 아 그 며 버키 안에 다 맞출수 있답니다"
43;165740;167910;"그런데"
44;167920;173640;"완전 걱정인데 이게 지금 공정한 으로 좀 벅찰 텐데 말이야 어 걱정부터"
45;173650;174330;"마십시오"
46;174340;178770;"뭐 하청 돌리면 스위치로 들것 뻔한데 뭐 우리가 할 수 없으면 또 몰라도"
47;178780;180300;"저와"
48;180310;191820;"좋아 줘 우리 상대 없었으면 어쩔뻔 왔어 아 아 예"
49;191840;195090;"좋은님 그 아"
50;195100;199020;"하청업체 없이 지금 공작으로 불리면 무리가 클 텐데요"
51;199030;204600;"지금 냥의 부제 풀어 돌린다고 해도 다른 증권 되어있는데 이건 좀"
52;204610;209450;"감당하기 어려울 것 같은데요"
53;209470;212460;"상다리가 지금 공자 이런말 잘 트로트자나"
54;212470;216570;"모공 정도 처리가 너가 되고 걱정말라고"
55;216580;221400;"우리 성들이 가르시아 했겠지"
56;221420;227800;"담당자를 바꾸라고 요 돼 그 자매가 도난된 데 그 청바지 1"
57;227810;233680;"김 동지 로 바꿔서 하시구요 저희 이유가 뭡니까"
58;233700;237470;"아 계약직 사원이 자나 일념이 잘 안남 하고"
59;237480;237920;"으"
60;237930;241459;"아 이거 그렇게 자기 사업 아닙니다 이 두 달이면 끝날 수 있고 장들이"
61;241469;245059;"아챔 지고 잘 알 수 있는 사업입니다 워낙이 철저히 준비 했거든요 또 저"
62;245069;248809;"친구보다 정말 사람은 차장 장르의 그 친구가 사업의 책임자가 될 수"
63;248819;252170;"있을거라고 생각했어"
64;252190;255450;"이 회사 안에서 아무도 그렇게 생각하지 하라"
65;255460;256519;"그래서 규정도 그러 차남"
66;256529;258789;"[음악]"
67;258799;261270;"제가 음"
68;261280;264540;"저희 정렬 만나 보겠습니까"
69;264550;268920;"기회 실정 yj 를 쳐 자고"
70;268930;272590;"그니까 계약직 사원 나쁜"
71;272610;277179;"아빠 소리랑 그"
72;277199;280899;"음"
73;280919;284750;"누구"
74;284770;292730;"니가 안 한다고 해 3팀 걸루 밀어 담당자 탭의 일본의 못하겠다고"
75;292750;299939;"으 으 으"
76;299959;309750;"마 부장님 말씀따라 5"
77;309770;320640;"무조건 물러서 라는게 아냐 싸울때 락 눌러서 때로 9부 라는 뜻이야"
78;320660;322719;"김비서 이런거 아냐"
79;322729;336580;"입건 으로 불난 일고 기어 니나리치 거 보고 싶지 않아서 그래 어 무슨"
80;336590;339239;"협박 이야"
81;339259;341529;"아니에요"
82;341539;343020;"상산 것들이"
83;343030;346010;"[음악]"
84;346020;347690;"다 아는 것 같지"
85;347700;350850;"축 뿔도 모르는 것들이 예"
86;350860;354450;"그 기간에 물량 뽑아 토바"
87;354460;358890;"현장에서 가만있지 않을 걸"
88;358910;361750;"아 굉장히 추모 잘 빻은 님"
89;361760;364690;"그 극적인 5초 저 아직 전혀 안 했어"
90;364700;371380;"아무 옆 예 i 장그래 가 올린 가장 슬픈 건 말이야 그 담당자 바빠서"
91;371390;374910;"내가 다시 보내라고 했잖아"
92;374930;378850;"아 즉 고쳐 정의 얘기 안에"
93;378860;381490;"a 놓쳐 정의 사람은 말을 안 들어"
94;381500;386560;"내가 그렇게 알아듣도록 얘기했는데 사람들이 왜 답답하게 불어"
95;386570;390219;"잠겨 줄 아는 건 알겠는데 계약직"
96;390229;395650;"그 현실적 으로 맡길 수가 없어요 담당자가 왜 장단 데 책임을 주어야"
97;395660;397810;"한다고 했어"
98;397820;403259;"저 시장 들어오면은 빨리 차례 서울이라 그래"
99;403279;405470;"4 4"
100;405480;410900;"싸이 됐어요 으"
101;410920;413050;"잠 g 2차 그는"
102;413060;415390;"으"
103;415410;417460;"[음악]"
104;417470;420910;"으 아"
105;420930;423700;"또 반나절이 낮시간을 끌어"
106;423710;427360;"좀 마음 정리하는 시간이 필요하지 않을까요"
107;427370;431290;"그래도 오랫동안 공들인 거리인데 야 전과자"
108;431300;437229;"4 너 이번에 진급 안할 거니"
109;437249;439559;"안녕히"
110;439569;441220;"예"
111;441230;451790;"거기 못하겠니"
112;451810;453780;"그럼 바"
113;453790;459710;"따뜻한 걸 아자 예 나 이번에"
114;459720;462700;"진급 심사 담아 부장"
115;462710;468740;"pc 5"
116;468760;473250;"부정이 말씀 임 마셨습니다"
117;473270;479190;"차 아이템은 아"
118;479210;483830;"자 아이템은 생각해보니까"
119;483840;486980;"우리가 많다구요"
120;487000;493390;"정말 그렇게 생각해"
121;493410;496399;"4"
122;496419;500420;"제 생각이 짧았던 것 같습니다"
123;500430;508760;"아 검사다 이 이메일을 보내왔습니다"
124;508780;513450;"4 그떄 공장에서 보일 것이오"
125;513460;516279;"야 오 올라와요 여기 뭐 없냐 4"
126;516289;519970;"[음악]"
127;519990;521840;"모르니 1 뭐하나 니까야"
128;521850;523250;"[음악]"
129;523260;523720;"아저씨"
130;523730;528569;"[음악]"
131;528579;531329;"에이큐브 였다 않는다고 무스 발 니까"
132;531339;534629;"이런 풀 개발도 저희 트 감다 전문의 제 9의 필요해요"
133;534639;540480;"다툼은 조던 나 우리도 이교도로 3 싫어진 떼샷 살에서"
134;540490;543240;"다 3 꼽아 겠다고 근데"
135;543250;548460;"놓은 길을 거래가 작업을 할 분명히 공장장이 나한테 약속을 했다고 제대로"
136;548470;550259;"기아나 4 맞추다 봐"
137;550269;554819;"성 대리가 마무 무관의 우린 거 우리가 몰라 무조건 해야 된다는거"
138;554829;559740;"결국 한다고 하면 공장장 이니까 따질 내면은 봐서 공장 전체 따지 라구요"
139;559750;561300;"아무나 파이"
140;561310;571990;"달지는 주의 가지고 장식입니다 4 에 돌아가니까 돌리게 따는 거 아니에요"
141;572010;573640;"[음악]"
142;573650;576260;"[박수]"
143;576270;580570;"으 woo"
144;580580;583550;"아아악 choi"
145;583560;587480;"보통 한물 5"
146;587490;591949;"co top 5"
147;591959;599770;"으"
148;599790;605579;"[음악]"
149;605589;610590;"제 더 카자흐스탄 물탱크 수출 그냥 발견돼"
150;610600;615130;"뭐 수가 있습니다"
151;615150;617390;"222"
152;617400;621410;"그렇죠"
153;621430;627950;"크 4 스탐 건 장남이 않네"
154;627970;628720;"바꿔 주십시오"
155;628730;637770;"[음악]"
156;637790;640210;"투르"
157;640230;641180;"그렇죠"
158;641190;643129;"[음악]"
159;643139;643550;"으"
160;643560;644580;"[박수]"
161;644590;651810;"[음악]"
162;651830;655640;"아"
163;655650;659820;"역서"
164;659840;662250;"게 쉽"
165;662260;667110;"박아 그 손을 잡게 된 이제"
166;667130;670070;"의식이 미사"
167;670090;673700;"이런 제 마라도가 시기에도 돌리고 왔는데"
168;673710;677420;"엄마 생각 2개월 여 보이리라"
169;677440;681210;"스노우라인 에"
170;681230;684370;"가나 얘기라고 암시 사고가 날"
171;684380;690170;"샤워하고 의 시행이 불량 교수 침으로 빠집니다"
172;690190;694200;"이 같은 애는 뭐 한 짓에 갖고 일할 수 있나"
173;694210;698220;"가족들이 내 하나와 못 크기 무슨 뜻인지"
174;698230;709180;"사무실에서 편안하게 앉아 갖고 일하는 너 같은 것들이 알까 아"
175;709200;713720;"침 깜 머리가 1 알라고 리포팅 다이다"
176;713730;713770;"으"
177;713780;716080;"[음악]"
178;716090;720900;"내가 손모아 시킬 나오라 입니다 으"
179;720920;724690;"내 숨어 가지의 을 가족 밖으 시 다 읽어"
180;724700;727830;"우리가 하더라구요 달이 있고"
181;727840;730220;"내가 없으심 4"
182;730230;734490;"내 가족도 없으시리라"
183;734510;739180;"2 앞으로 칼라 피로 클럽의 노래를 불렀지만 야 어"
184;739190;742019;"그런지 만나다 이라면서"
185;742029;750400;"이런 그런지 금자씨 하지"
186;750420;756020;"으"
187;756040;761289;"못했습니다 아"
188;761309;766639;"가차없이 소개하겠습니다 얀 선물이 노모 한 라인에 다 밀어 놓고 생산"
189;766649;769549;"해라 해라 쪼 는게 3시 할 일이 아닙니다 전부 다 할 수 있는 일을"
190;769559;771049;"줘야죠"
191;771059;778690;"전부터 우리 라는건 성대 린도 하셨을 겁니다 뭐야 야"
192;778710;780460;"써"
193;780470;784330;"오늘 하청업체 산정 제대로 해야 할 거다"
194;784340;788920;"오늘 중에 못찾으면 은 즉 0 공장에서 밤새도록 공장 돌려도 5도 먼"
195;788930;792420;"맞춰 외"
196;792440;797680;"어떻게 다 적재 찾아 꼭 찾아 놓겠습니다"
197;797700;806319;"노란 이라서 돌리라고 할 때 돌리는데 나왔을 거다"
198;806339;808080;"됩니다"
199;808090;812120;"[음악]"
200;812130;815120;"그러면 이성일 팀 1 중입니다"
201;815130;818509;"저희가 노라인 빼고 최대한 세상 도착 해 주십시오"
202;818519;821960;"아 축제 쌓여서 보자는 좋은 죄 중에서 커버 하겠읍니다"
203;821970;826220;"꿈 안돼 근데 갑자기 가차없이 찾기가 쉽지 않을텐데"
204;826230;829269;"최단 할 수 있는 데까지 찾아봐 야죠"
205;829279;831079;"내고장 하십시오"
206;831089;846340;"으 be we be a"
207;846360;849650;"빨리 먹으려고 체하지 마 리더"
208;849660;853870;"뭡니까 제가 관리하던 라이트 미야"
209;853890;857180;"박철한 거니까 이거 해 위쪽 하고"
210;857190;859980;"어둠도 얘기 된 거야"
211;859990;865170;"무슨 말씀이신지 내가 선배 란 아이템 이니까 가져가서 하라 소리가 어떤"
212;865180;867389;"의미인지 모르겠어"
213;867399;871530;"그러니까 예 일을 왜 줄 저한테 2자리"
214;871540;875249;"자네한테 토스 하고 올라갈 거야 혹시"
215;875259;881579;"전문 님께서 주신 y 됩니까"
216;881599;887400;"g 으"
217;887420;889540;"부영 3차 글입니다"
218;889550;894129;"smc 물탱크 대고 헤어 시간 약속은"
219;894139;897340;"죄송하지만 사내 사정상 담당자가 바뀌었습니다"
220;897350;901090;"이제 김동식 때리니 담당 하십니다 아 번호는 같구요"
221;901100;905110;"뭐 차례 번호는 116 입니다 4"
222;905120;910730;"4 앞으로도 잘 부탁드리겠습니다 4"
223;910750;911160;"[음악]"
224;911170;913210;"[박수]"
225;913220;917470;"하청업체 3점 잘 맞춰 없구요 그저 업체에서 이준의 로우 성능 생산"
226;917480;919150;"불가능 건 생산이 줄어 있습니다"
227;919160;924700;"계약도 잘 마쳤습니다 언제 사회주의의 생성중입니다 건초와 좋아"
228;924710;931410;"알고 생애 싸"
229;931430;938380;"2 4 4 2 2 2"
230;938400;944120;"생각보다 어렵지 않을 거야 이게 깔아 두 다리가"
231;944130;944810;"5"
232;944820;948290;"세팅 다 끝났으니까 계약서에 도장만 받으면 4"
233;948300;951680;"이게 깔아 준다는 의미는 겁니까"
234;951690;955600;"중국이랑 사업 처음 해봤고"
235;955620;959660;"관심 말씀이십니까 이번주까지 잘 생각하고 결정해서"
236;959670;961810;"머리가 얘기해 줘"
237;961820;966060;"[음악]"
238;966070;969510;"으 어 차 모자"
239;969520;974050;"그"
240;974070;979290;"철의 정량 n2 품질 뽑는 게 낫겠어 아니면"
241;979300;982500;"그대로 두는 게 낫겠어"
242;982510;984820;"밤 변한 또"
243;984830;991250;"5 처장이 그러면 가끔 마음에 들수도 있고 맛"
244;991270;996630;"이거 선이 아니다 과실 이렇게 크게 했는데도 이창열 받쳐서 사업 수주"
245;996640;997950;"실패 하면은"
246;997960;1000600;"진행하던 우린 팀이 텀 t 기실 위험 더 컷"
247;1000610;1002020;"[음악]"
248;1002030;1007090;"아"
249;1007110;1011940;"굉장히 m 아"
250;1011960;1019100;"아니에요 으"
251;1019120;1022690;"3 7 머문 지 모르겠네요"
252;1022710;1025970;"저는 이미 왜 갑자기"
253;1025990;1030510;"푸신 이란 업체가 중국내에서 태양의 발전 사업을 쭉 피우던 업체 이니까"
254;1030520;1032610;"2번에서 딸 가능성이 크고요"
255;1032620;1036140;"작은 업체도 아니고 다만"
256;1036150;1041870;"전무님 네 전무님 한테도 중요한 사업이 야 성공 여부에 따라 서부 저장"
257;1041880;1044240;"자료 걸려 있으니까"
258;1044250;1047569;"부사장 입교 하지만 빼고 또 필요하지"
259;1047579;1050919;"1% 대 실패 가능성이 라도 대비해야 될까"
260;1050929;1053710;"아 영업 3 침을"
261;1053720;1059950;"정어리 자 정말 바지로 쓰시던 채 갈 거야 뭐 최정 갈 수 있게 됐어요"
262;1059960;1065999;"어디 어느 언제 날씨가 무려 내려 or 펼쳐 봐 쭉 해야죠"
263;1066019;1072870;"야 내가 너 진짜 이번에 주제어 뭐할라고 무진장 2 그거 안지아 알죠"
264;1072890;1075399;"아 예 야 아 아 뭐라구요"
265;1075409;1081549;"예 차원이 침 유대로 2가 연구 없 아 이건 데리다 지 1년밖에 안"
266;1081559;1086799;"되는데 볼수가 험했다 아 에 침 끗발 너무 친해 돼"
267;1086809;1090420;"4"
268;1090440;1093700;"빵 울 잘 아아"
269;1093710;1097970;"소리 x 몸이 참 좋네 예"
270;1097980;1102920;"솔직히 해서 이번에 좀 튀겨야 했는데 이건 박과장 일도 있고 요르다 거"
271;1102930;1105170;"더 먹고 먹고 가야 되는 건 아니지만요"
272;1105180;1108770;"그냥 1주일 제 주제로 상사의 꽃인데"
273;1108780;1111200;"지난번에 콕 알아갈 때 깔 거 들 했나"
274;1111210;1115160;"그런 생각이 들기도 하구요 그때 한번 거절의 때 니 예 그리 합 것도"
275;1115170;1116030;"없네요"
276;1116040;1119900;"봄비 주다 이런 쪽은 바라지도 않는데"
277;1119910;1126460;"아야 그다음 거절하게 볼기 도우려 미움도 린지"
278;1126480;1130460;"그게 미국 절대 멀리 겠어"
279;1130480;1134610;"여러 더 에"
280;1134630;1137680;"아 ceo 아예 차 시스템이 참"
281;1137690;1141670;"알고 좀 하실 어떻게 철학 에서 바라는 새 볼게요"
282;1141680;1143060;"4"
283;1143070;1146180;"[음악]"
284;1146190;1150529;"쌍 포로노 프 라 이 브 정해 전 이쪽 가진 아프간 해 어느 먼 아픈"
285;1150539;1154430;"프로세스는 청솔 시럽 통해서 한번 더 점검을 예정인 총수"
286;1154440;1158109;"예 국회"
287;1158129;1162529;"그런데 청소를 의 부자 이번에 나쁜 일 좀 맞추라고 그래 진 아무리"
288;1162539;1163580;"딜레이 드시지"
289;1163590;1168289;"아 그랬던가요 네 이번에 먼 단단히 말아 놓겠습니다 문제 없이 진행할"
290;1168299;1170690;"테니까 걱정 붙들어 매 줘서 좋습니다"
291;1170700;1174120;"이렇게"
292;1174140;1180630;"아 악 아"
293;1180650;1185830;"뭐 청솔 숍에서 상습적으로 나쁜 지원 시키는 거 아시지 않습니까"
294;1185840;1188740;"그래서 어쩌자고 어려울 수 있는 상황이 아니란 말입니다"
295;1188750;1193360;"그래서 많이 있는 것도 아니고 뭐야 나 철의 딱 눈에 뵈는게 없지"
296;1193370;1195850;"정술 취업 같이"
297;1195860;1200169;"나태하고 아니라고 무책임한 회사 이라 잔소리가"
298;1200179;1204450;"더 말도 안 되는 소리 같은데 어 뭐 27"
299;1204470;1209879;"이새끼 저새끼 하지 마십시오 제성 드림 새끼 입니까"
300;1209899;1214299;"아 아 장님 앞에서 침이 챙겨 준거 고마워 하시더라구요"
301;1214309;1217299;"감정적으로 대응하지 마시고 배틀 보세요 팩트를"
302;1217309;1219910;"이성적이고 렌 절하게"
303;1219920;1225070;"혹시 청소 시험이라 뭐 잇는거 아니시오"
304;1225090;1228759;"뭐 있을께요"
305;1228779;1231619;"동시기 예 괜찮어"
306;1231629;1232740;"그"
307;1232750;1235680;"뭐 그렇죠 유무와"
308;1235690;1239970;"a 참 아래서도 치사하게"
309;1239980;1242280;"5 사람들이"
310;1242290;1248820;"아 8 부족한가 생계 때문에 예 아까 돼 아 나는 진짜 가뜩이나 소쇼"
311;1248830;1251280;"패스트 해서 나오게 키는데 주재원 이야"
312;1251290;1256140;"특히 쳐보니까 4 엉덩이 수서역 n 4"
313;1256150;1263350;"차야 g 에 젊 야 김도우 시 2개는 똥 얻으러"
314;1263360;1266560;"하이트 어 찾아 너 이렇게 꼬시면 은"
315;1266570;1270990;"1 진행되는 거 뭐 본으로 주변사람들 힘든건 돌아보지도 않는 것 같애 아"
316;1271000;1276250;"똑같이 개고생 해도 실적 눈에 팍팍 띄는 팀이 좋은거 아냐"
317;1276260;1279880;"상사 복도 없어요 완전 민폐 캐릭터"
318;1279890;1284110;"싸우도록 인대의 그저 씩 더 깨어 했 01 들여다 봤다 그렇죠"
319;1284120;1290320;"왕 거야 안 되게 아 쉽죠"
320;1290340;1292850;"아 아 아 아"
321;1292860;1297399;"10 24 어"
322;1297419;1299539;"어쩌냐 우리가 강수 렌타"
323;1299549;1303049;"들으셨을 거라고 생각 못했어 아씨"
324;1303059;1305900;"실 내 실제 c"
325;1305910;1309060;"별칭 순간 주시오 야이"
326;1309070;1312930;"납부 스틸을 아씨 야"
327;1312940;1318390;"릴 일에 상사의 대해서 뭐한다고 얘기야 좀 애들이 5 차장 참 할 수나"
328;1318400;1320460;"있으면서 그런 소리들을"
329;1320470;1323250;"아 아들이"
330;1323260;1328200;"의 저희 어 임 뚝 삐뚤어져 가지고 말도 바로 못하는 놈들아"
331;1328210;1334680;"뭐 어이 이거 조무 점점 알 고 맛의 고마 하잖아요 심취해서 좀"
332;1334690;1336600;"기뻐하지만 보이세요"
333;1336610;1341810;"분들이 없지도 되고 길들인 2"
334;1341830;1345210;"깨다 내가 욕한 거 싫어하는 거 아니지"
335;1345220;1350310;"나온 한마디만 할게 20 디아"
336;1350330;1355570;"야 이리 우리만큼 요런거 왔어 어 내가 이거 하도 쳐먹어 가지고 사람"
337;1355580;1358899;"빠져 얘기다 줘"
338;1358909;1361330;"per hour"
339;1361340;1365500;"빨지 마십시오 스알 정확합니다"
340;1365510;1369350;"1시간 내로 1 새롭게 하겠습니다"
341;1369360;1375600;"4 나 보고서는 어제가 하여 까지 만들어서 보낼게요"
342;1375620;1388930;"아"
343;1388950;1392790;"학교"
344;1392810;1399430;"top5"
345;1399450;1406120;"222"
346;1406140;1408799;"그 며칠 뭐 이번에 했네"
347;1408809;1414529;"예 안가죠 차들이 왔다 갔어 칭찬 걱정만 이에 이 시점에 푹 쉬라고 어"
348;1414539;1418849;"7 좀 하지마 나 돼 아"
349;1418869;1422149;"걱정이야"
350;1422169;1427859;"파키스탄 끈을 놓치 가능한 건가 일단 5번째 해놓고 꼭 쉬고 최근 에서"
351;1427869;1429269;"다시 2개로 이런 되지 뭐"
352;1429279;1436960;"하지만 할까봐요 남들이 회사 그만 두라고 한거 때문이야"
353;1436980;1442010;"아 않단 말 때문에 정말 그만둘까"
354;1442020;1449200;"고민하고 있을 때 이 부장님께 상의 한번 한 적이 있어요"
355;1449220;1450500;"그런데"
356;1450510;1452589;"흥 a"
357;1452599;1456520;"34개 얘기 들었어요 뭐야"
358;1456530;1459970;"일상과 이제 그만 두겠다 고 했던가 으"
359;1459980;1464670;"잘 하신 마야 4"
360;1464690;1468220;"어 그러면"
361;1468230;1473920;"과장님 차장 진급 이랑 재 승진은 뭐 더 기다려야 되는 것이오"
362;1473930;1478270;"결국 먹이사슬이 어선은 치고 올라오는 생각을 하는 것들 업도"
363;1478280;1481350;"제가 강한 준다는데"
364;1481360;1483930;"q 라고 생각하고"
365;1483940;1490140;"은근이 기대를 했던 거겠죠"
366;1490160;1494799;"어 응 가자 예 파키스탄 거 말이야 그 차 빌라 맡아서 계속 해야 할"
367;1494809;1497410;"것이 내 가정 및 저수 검마"
368;1497420;1499060;"예"
369;1499070;1505330;"아 맞아 나 니 아까 저희 말씀 몰 들으셨어요"
370;1505340;1508630;"3 신임 학교 못하신 거야 차장님"
371;1508640;1511930;"저희 진짜 지금 죽을 맛이에요 예"
372;1511940;1517540;"어나고 찾았는데 너한테 업무 여쭈기를 간거 이찌 영업 1팀 에서 진행하는"
373;1517550;1519379;"거"
374;1519389;1522799;"아 그 좀 각 하시고"
375;1522809;1526909;"아내 이부장이 아니면 간단히 까요"
376;1526919;1538279;"아 정말 이럴래 간다니까"
377;1538299;1545570;"안에 해야겠습니다 좀 이따 뵙겠습니다"
378;1545590;1549460;"5"
379;1549480;1552100;"아"
380;1552120;1556670;"아 어 와 와 타 악"
381;1556690;1559790;"10"
382;1559810;1564360;"다가 겹쳐 빨리 먹어 없이 빨리 다이"
383;1564370;1566970;"환영식 4"
384;1566980;1571380;"오늘 불금인데 너무 맛나 나무야 안녕 이제 태어난 이구요"
385;1571390;1578250;"아 그 아 그러면 오늘 불금 잘 보내고 내일 아침에 킹스로드 좀 거죠"
386;1578260;1581339;"4"
387;1581359;1584619;"티켓 아 봤어요"
388;1584629;1590519;"5cm to"
389;1590539;1594159;"차장님 장거리 쉬었습니다 나왔어"
390;1594169;1601180;"얽어 이 거리 에 좀 찾으러 있고"
391;1601200;1605600;"습니다 아 사장님 잘 하셨어"
392;1605610;1610100;"부추 말에 딱 잘라 오빠 더"
393;1610110;1613570;"초는 고추장 톱밥에"
394;1613590;1615600;"에"
395;1615610;1623520;"으 아 아 보러 왔어 아 사이트 r 그냥 왜 어째서 훨씬 더 이상 로"
396;1623530;1629520;"수단이 하고 싶은 앰프 채워서 꼼 식빵 2장 술이나 oy"
397;1629530;1659850;"예 아 으 으 헉"
398;1659870;1662700;"으 아 으"
399;1662710;1668880;"제목 드리는"
400;1668900;1674560;"으 으 아"
401;1674580;1679040;"으"
402;1679060;1690190;"[음악]"
403;1690210;1691550;"하하"
404;1691560;1694590;"[음악]"
405;1694600;1698279;"이거 나는 확실히 하자 보험법 수주면"
406;1698289;1702029;"부사장으로 승진 할 수 있고 부서장이 되면"
407;1702039;1705930;"5 차장님 재량으로 원하는 이 먼 특대 로 쓸 수 있게 된다는거"
408;1705940;1711870;"어쩜 이렇게 노우즈 2개는 똥 얻으러 야 팀장이 티도 안 아닐 계속 물감"
409;1711880;1713220;"을 걔는 승진 언제 하냐"
410;1713230;1718649;"어 아"
411;1718669;1721710;"으 으"
412;1721720;1724770;"이 얘기에 하냐 내가"
413;1724780;1728310;"음"
414;1728330;1732580;"누구 사는 거에 또다시 관여를 해도 돼나 오"
415;1732590;1737320;"다해 그냥 해 당신 하고 싶은 대로 해"
416;1737330;1740110;"잘못한거 없어 낭 크 래"
417;1740120;1749140;"다시 그때 그사람 이래도 당신은 그렇게 할 거고 난 그게 맞다고 생각해"
418;1749160;1753860;"허각 한거라고 내 말이 그 말이야"
419;1753870;1759620;"당신은 당신이 해야 맞다고 생각하는거 그것만 생각해"
420;1759630;1764720;"나머진 다시 마음대로 되는거 아니야"
421;1764740;1768649;"뭐 되게 영향력이 있는 사람과 집권당 으"
422;1768659;1772159;"누군 뒷짐지고 다시 시킨대로 만한데"
423;1772169;1772940;"으"
424;1772950;1779920;"으 난 쩜오 나라를 구하는 일이 있잖아 않네"
425;1779940;1787109;"오늘 구두좀 잖아요 깜찍하죠"
426;1787129;1789519;"하시기 룬"
427;1789529;1792070;"센터 금"
428;1792080;1795040;"으 괜찮으시겠어요"
429;1795050;1798320;"[음악]"
430;1798330;1802100;"잘하셨습니다 차면 화장실 옆자리 좀 부산 해보죠"
431;1802110;1807730;"으"
432;1807750;1808700;"잠재 에서"
433;1808710;1809740;"대박"
434;1809750;1812810;"[음악]"
435;1812820;1814970;"2 권 있네 그래"
436;1814980;1819140;"뒤쫓아 발전소 사업은 $5 투야 4"
437;1819150;1821840;"[음악]"
438;1821850;1825740;"처음 촤 실 어떤 들어가게 됩니다"
439;1825750;1828530;"뭔가 조정으로 우리말인 우려서"
440;1828540;1832820;"포심 축일 이인호 표준을 멈췄고 그 곁들인"
441;1832830;1838250;"관 시간 거죠 아 우리 장 글에는 모르는게 좋을텐데"
442;1838260;1841760;"에 그분 2진수 메뉴얼 정말"
443;1841770;1846650;"작물 씨가 모 청 종 교 육 인은 순 양이라"
444;1846660;1851480;"중국 되는 잘도 가 아니라 관직 아이를 한다는 말이 있을 정도야"
445;1851490;1855590;"그만큼 중국인들에게는 법보다는 인맥을 통한 결과가 중요하다"
446;1855600;1862990;"사업에서는 이루 말할 것도 없고 그러니까 그 과 지시가 어떤"
447;1863010;1869090;"완 시를 단순한 뇌물공여 로 보면 안돼 감정적인 유대감 형성이 먼저 니까"
448;1869100;1871250;"따라"
449;1871260;1875030;"장렬하게 전사 햇더니 섭 살아 돌아왔다"
450;1875040;1885590;"본사에서 니콜라 자고 다시 내려왔어요"
451;1885610;1890840;"만약에 그럼 마법사님 4p 거군요"
452;1890850;1895390;"으 으"
453;1895410;1897880;"치금 아"
454;1897890;1901720;"축하한다 축하 룸 축하"
455;1901730;1904990;"우리 이제 정말 죽었어요 어떻게 뭐"
456;1905000;1909190;"시끄러 감사합니다"
457;1909200;1912670;"이게 다 가장 님이랑 그림들 덕분입니다"
458;1912680;1915580;"감사 표시로 제가 커피 한 자식들 올리겠습니다"
459;1915590;1918640;"그럴까"
460;1918660;1932360;"4 4"
461;1932380;1937350;"과연 이 되어 플랭커 납품업체 청솔 실험으로 정해졌는데"
462;1937360;1944519;"다시 검토 해 보셨습니까 어 에 문제 있어"
463;1944539;1949269;"안아픈 딜레이 잤다는 거 알고 있었소"
464;1949279;1951970;"겉도는 상다리가 9월말 아니었어"
465;1951980;1957879;"그래서 이번에는 딜레이 발생 시 패널티 물기로 하고 캐어서 넣었어"
466;1957889;1962100;"4"
467;1962120;1966600;"으 아 네 얻어 면에선"
468;1966610;1970200;"같은 원리가 인해 핵심이 수도 있어"
469;1970210;1972320;"5"
470;1972340;1976110;"많이 달라졌다고 해도 아직 죽은"
471;1976120;1979230;"관 시야 상실한"
472;1979240;1983269;"이번껀"
473;1983289;1987460;"자작"
474;1987480;1990050;"옛"
475;1990070;1992170;"예"
476;1992180;1994390;"아 보신 창모드"
477;1994400;1997110;"예상대로 반기네요"
478;1997120;2000710;"그런데 차장님 정말 그"
479;2000720;2006910;"포심 축융 중간 관리자가 없어요"
480;2006930;2013070;"무슨 말이야 그 자료는 번으로 연락했는데 부신 책 대표가 직접 연락이 된"
481;2013080;2013880;"에"
482;2013890;2018470;"대표와 직접 별표 1 힘이면 더 좋은 거지 뭐 바보 중이야"
483;2018480;2021680;"워낙 중요한 사업이 니까 대표가 직접 즐기는거 아냐"
484;2021690;2025220;"오른쪽에도 전문 이미 직접 죽이고 있잖아 우리 좋은 저희가 하고 있는"
485;2025230;2029330;"것이고 그 저희가 돼 중앙 걸리지요 없으면 나중에 문제가 생겨도 책임"
486;2029340;2030170;"추후에"
487;2030180;2037490;"분류 막히지 우리가 있습니다 문제는 무슨 문제 다 얘기 된거라고 했자나"
488;2037500;2041600;"도장은 형식적인 절차 라고 싸"
489;2041610;2045440;"강대리 님 여쭤볼게 있는데요"
490;2045450;2049909;"압니까 침이 커지면 뭐가 달라지는 거니까"
491;2049919;2053060;"팀의 위상이 나"
492;2053070;2056060;"규모가 커지면 그만큼 인력의 필요하죠"
493;2056070;2062560;"에 사장 원한을 충원을 중 할 수 있습니다"
494;2062580;2065730;"자 그럼 혹시"
495;2065750;2071050;"계약직을 정규직으로 전환 시킬 수 있다던가 케"
496;2071060;2073740;"내 가능할 겁니다"
497;2073750;2077550;"이건 저희가 하러 본 북일 미국 담체 확보는 생각보다 순조롭게 신흥 데"
498;2077560;2080880;"따라 무지하고 트는 물량이 나가니까"
499;2080890;2086010;"품질까지 이건 불량이나 납기일 뭐 이만한 조건이 없다는 점에 보신 이동해"
500;2086020;2089230;"땅을 좋은데"
501;2089250;2092570;"트리샤 엄마 잘못된 업체 여기 맞죠"
502;2092580;2098330;"아 저 차장님은 계약서를 만들어 보심 쪽에 펀 했고 이제 계약서 도장"
503;2098340;2100730;"찍을 일만 남았다"
504;2100740;2108140;"모든게 순조로운 듯 보였다"
505;2108160;2114660;"운명 그런데 뜻하지 않은 데서 문제가 다셨다"
506;2114670;2116400;"[음악]"
507;2116410;2126760;"으"
508;2126780;2132549;"이 사람들이 이렇게 무리한 주꾸미가 아셨습니까"
509;2132569;2136280;"이미 가격 조정에 의해서 인사 충분히 반영된 게 역시 있습니다"
510;2136290;2139549;"그걸 받자마자 우리쪽 마실 일밤 좀 낮춰서 아프신 지정한 에이전트의"
511;2139559;2143289;"넘기라는 같이 왔을 뿐이고 타"
512;2143309;2147410;"이거나 아무리 생각해도 그 돌을 걷습니다"
513;2147420;2148609;"[음악]"
514;2148619;2151390;"또 차장"
515;2151410;2153319;"얼른 그냥"
516;2153329;2154210;"도장찍고 끈 4"
517;2154220;2156370;"[음악]"
518;2156380;2159469;"으"
519;2159489;2162120;"반면 수도 하러 오신 겁니까"
520;2162130;2168020;"이익은 좀 적지만 사내에서 저녁 문제 없는 수치 아 구성해"
521;2168030;2170660;"미 섭 심심합니다"
522;2170670;2174470;"제 1번 중간관리자 문제도 그렇고 이 문제도 그렇고"
523;2174480;2176990;"문제제기는 저희 영업 삼치 맞게 됩니다"
524;2177000;2182180;"어허 이 사람 부피는 누가 자네 지금 이 껀 주무르고 있을 때 아니야"
525;2182190;2186349;"빨리 마무리하고 태양열 발전소 사업에 전념하고"
526;2186359;2190530;"어차피 그 사람들만 하는 거잖아 지구 중 9건"
527;2190540;2192079;"[음악]"
528;2192089;2193130;"잠시 홀딩 해야"
529;2193140;2198130;"[음악]"
530;2198150;2202220;"그렇지 잘까요 뭔가 중"
531;2202230;2207790;"아이템 관련 m 위한 토 1 녹취 외"
532;2207810;2210499;"으"
533;2210519;2217589;"점을 에 넘어 쌀 아이템 준비할 때 중국 주재원 하고 연락해 져지"
534;2217599;2222210;"예 석대 레이미 며 그 뒤로도 그 친구랑 통한 적엔 나"
535;2222220;2224549;"아이템 좁으면 서 감사인사 있었습니다"
536;2224559;2225350;"이젠 그 모래"
537;2225360;2227380;"[음악]"
538;2227390;2232980;"이런 면에 겉은 말은 없는 사람으로 보았습니다"
539;2233000;2237640;"그 15대 연락해 발 후 심해서 치장한 에이전트가 어떤 것인지 알아"
540;2237650;2239320;"보라고 하고"
541;2239330;2242800;"포신 에서 진행한 다른거 내돈 이렇게 갑자기 에이션 특히 언어 속에"
542;2242810;2246160;"약한건 있는지 바로 같은 것"
543;2246170;2251200;"연락은 나한테 직접 판매 4"
544;2251210;2254890;"불교 한약이 참가하고 중 쇼 되더라"
545;2254900;2260450;"브라우즈 알겠습니다"
546;2260470;2265840;"알겠습니다 꾸었습니다"
547;2265860;2266630;"사냥의"
548;2266640;2271700;"텐트 청소 실은 말인데요 나쁨 질의 건으로 수정 단거 알고 계십니까"
549;2271710;2276440;"뭐 어제 성내리 한테 보고 받았어 알고 계셨다고 요 그런데"
550;2276450;2283280;"결제를 내주신 겁니까 말했잖아 딜레마 3 18g 저항 었다고 에 그릇이면"
551;2283290;2286940;"수정 같은 불미스러운 일이 있는 회사인데 그렇게까지 거리를 해드리면 지"
552;2286950;2287780;"모르겠습니다"
553;2287790;2291500;"그렇긴 한데 성적이 가 확신 있게 보장 한다니까"
554;2291510;2306920;"예 사셨습니다 어"
555;2306940;2311730;"클레임 그래 제가 차를 한데 살려고하는데요"
556;2311740;2314370;"걸 어찌 예 왼쪽과"
557;2314380;2319080;"자 업체가 나 있어 우리가 사서 수출 시켜 줘 우리가 갑이지"
558;2319090;2323250;"근데 접대를 4 누가 우리가 우리가 받아내는 게 맞는 거 잖아"
559;2323260;2327990;"어 게다가 길까지 못 맞춰서 다른 업체한테 소송까지 걸려있습니다 누가 그"
560;2328000;2329700;"업체가"
561;2329710;2335490;"근데 굳이 계약서 없는 좋은 까지 기어 넣어가면서 계약을 강행해 뭘까"
562;2335500;2337870;"갔어요"
563;2337880;2344319;"뒷돈을 받은 거라고 뒤 또 뒤뚱 확실해"
564;2344339;2347080;"티타"
565;2347100;2354590;"차장님 색들이 님이 올라갔습니다"
566;2354610;2359310;"어 소대에 상식입니다 아 안녕 아실거 자에"
567;2359320;2364140;"수컷 많아요 아닙니까 알아보러 신 에이전트는 법인 어 맞는데"
568;2364150;2367770;"신생 이라 알아보라 정보가 없습니다"
569;2367780;2371460;"예 그리고 포심 쪽 말하는거 좀 알아봤는데"
570;2371470;2375120;"이렇게 중간 아예 전투로 끼워서 내란 경우는 없더라구요"
571;2375130;2378540;"표 하면 처음부터 세팅을 했잖아요"
572;2378550;2382350;"회가 수 미션도 말건 들게 불렀네요 2.5% 나냐"
573;2382360;2386130;"많단 말이에요 예 포토 of 하드웨어"
574;2386140;2390150;"그리고 우리 쪽 마진으로 3% 잡으셔서 co"
575;2390160;2394140;"어 그렇지 이쪽 장비 자들을 얘기로 음료"
576;2394150;2398430;"유기 박막 평전 지사 용지 벌판에 공급 집열판 인데다가"
577;2398440;2402420;"그쪽 몸집 부풀리기 까지 도와줄 거 아니라 우리 맞은 로 높여 써도"
578;2402430;2405180;"충분히 진행이 가능했다 고 합니다"
579;2405190;2408780;"어쩌다가 있건 호신 쪽에서 덖음 땅 거기도 하구요"
580;2408790;2412599;"초 크 아 좀 신생 이어"
581;2412609;2419020;"그래서 차량인 제국은 어떤 겁니까 혹시"
582;2419040;2421970;"차림 혹시"
583;2421980;2425060;"점은 이미지 게이트를 받는다는 생가"
584;2425070;2430250;"하시는 겁니까 세상이 이거 문화적 이시죠"
585;2430270;2434220;"차장님이 있건 왜 하려고 하는지 잘 알겠는데요 잘못하다가 팀 착 썰"
586;2434230;2436760;"하겠어요"
587;2436780;2438320;"차장님"
588;2438330;2440499;"으"
589;2440519;2442600;"잠금 회가"
590;2442610;2447070;"걸려 있었소 넴 2"
591;2447080;2449870;"그래서 그래"
592;2449890;2455590;"귀여운 주장에 팀을 위험에 빠뜨릴 수 있고"
593;2455610;2460230;"그래도 접전이 자 무리한테 마주하게 될"
594;2460240;2463370;"절호의 기회를 날려 버리는 게 아니니까"
595;2463380;2465740;"땋아"
596;2465750;2467400;"음"
597;2467410;2470280;"팀이 커져서 부서장이 되면 참 그래 씨를"
598;2470290;2472640;"으"
599;2472660;2475290;"자기 식으로 참 하시는 기회가 있다고 하네요"
600;2475300;2475630;"으"
601;2475640;2477720;"[웃음]"
602;2477730;2482950;"으 tee"
603;2482960;2485140;"[음악]"
604;2485150;2488349;"으 이번 사회 석연찮은 여러가지 상황들"
605;2488359;2493240;"평소에 차장님 이시라면 간과 하지 않으셨을 상황인데"
606;2493250;2496460;"그래 누 넘고 넘어 가시는거"
607;2496480;2498900;"저때문에 신 겁니까"
608;2498910;2502990;"아 첫 때문이라면 그만 더 주십시오"
609;2503000;2509429;"너 때문이야 소리도 못 하겠고 3 경치 않은 상황이라는 건 또 뭐냐"
610;2509449;2512649;"실점은 서야 줄 알고 빠져 일이 날"
611;2512659;2515439;"제약사의 있지도 않은 에이전트가 등장하고"
612;2515449;2518859;"커미션 까지 5 가는 이런 상황들이 이해가 안갔습니다 내가 판 마라"
613;2518869;2521419;"차장님의 판단이"
614;2521429;2524329;"허위나 저때문에 흐려진 건 아닌가 싶어 드리는 말씀입니다"
615;2524339;2528350;"니가 뭔데 내 판단 여자를 굳이 하시려는 거잖아요"
616;2528360;2536340;"[음악]"
617;2536360;2537850;"저를 으"
618;2537860;2539040;"[음악]"
619;2539050;2542979;"정기적으로 만드시면 거잖아요 그래서"
620;2542989;2545140;"지금"
621;2545150;2548800;"평소 같으면 절대 손을 잡지 않으실 분 가 선을 잡으신 것 아닙니까"
622;2548810;2550220;"아"
623;2550230;2553319;"to a"
624;2553339;2556780;"첫째 문의 팀을 위험에 빠뜨리고 싶지 않습니다 아무도 위험에 빠뜨리지 알"
625;2556790;2557070;"거야"
626;2557080;2558339;"[음악]"
627;2558349;2561099;"최선의 결과를 낼 수 있는 방법을 잘 거다"
628;2561109;2566230;"차장님 그럼 너를 구제할 수 있는 겸 하죠 그래서 내가 마지막으로 헤치며"
629;2566240;2568510;"달 거다 왜냐고"
630;2568520;2570550;"지금 말하는"
631;2570560;2572320;"다시 기회가 온다 해도 내가"
632;2572330;2576520;"[음악]"
633;2576530;2582330;"그런 마음을 또 가질 수 있을런지 모르겠습니까"
634;2582350;2592230;"[음악]"
635;2592250;2594310;"예"
636;2594320;2596980;"또 무슨 벌 생각을 하고 있는 거야"
637;2596990;2600239;"아닙니다 아니 뭐 하냐"
638;2600249;2604419;"내가 착하지만 하는지"
639;2604439;2610499;"자작님 전일 밤에 얘기 다 끝냈다"
640;2610519;2612710;"저때문에"
641;2612720;2616750;"사랑이나 팀이 조금이라도 위험의 신다면"
642;2616770;2620430;"아무것도 이미 없습니다"
643;2620450;2623650;"쟤를"
644;2623670;2644330;"구제 지로가 해 주신 그 마음이 충분합니다 장이"
645;2644350;2647310;"아 여보세요 어"
646;2647320;2651390;"전구로 쉴 아삭 때리 님 안녕하세요"
647;2651400;2654750;"4 5초 정도 밖에 써요"
648;2654760;2658440;"지금 자리 피우 샀는데요"
649;2658460;2661990;"그것이면 저한테 말씀해 주십시오 넘 하고 있으니까 그대로 전달해"
650;2662000;2663370;"드리겠습니다"
651;2663380;2664210;"창아"
652;2664220;2665750;"[음악]"
653;2665760;2667080;"아"
654;2667090;2668390;"[박수]"
655;2668400;2670520;"아 그"
656;2670530;2673730;"[음악]"
657;2673740;2674610;"[박수]"
658;2674620;2676990;"[음악]"
659;2677000;2678200;"we"
660;2678210;2678720;"[박수]"
661;2678730;2682680;"[음악]"